21468D95-1CC0-40CE-AC22-6ABD70895936#appfire#RolesService#appfire#salesdemo.app.server.service.RolesService#appfire#{"resourceMapping":"/Roles","defaultMethodType":"","defaultContentType":""}#appfire#{"repository":{"fileName":"RolesService.java","filePath":"salesdemo/src/main/java/salesdemo/app/server/service/RolesService.java"},"implementInterface":[],"extendsClass":[],"repositories":[{"repository":{"fileName":"RolesRepositoryImpl.java","filePath":"salesdemo/src/main/java/salesdemo/app/server/repository/RolesRepositoryImpl.java"},"implementInterface":[{"fileName":"RolesRepository.java","filePath":"salesdemo/src/main/java/salesdemo/app/server/repository/RolesRepository.java"}],"extendsClass":[{"fileName":"SearchInterfaceImpl.java","filePath":"salesdemo/src/main/java/salesdemo/app/server/repository/SearchInterfaceImpl.java","isDisplay":false}],"entities":{"fileName":"Roles.java","filePath":"salesdemo/src/main/java/salesdemo/app/shared/authorization/Roles.java"}}]}#appfire#I#appfire#XCUE2MXC3AD7APQYXIBQRG#appfire#778A89D7-77F6-4737-A09B-C246EF5BE333#appfire#1#appfire#\N#appfire#2015-12-20 12:56:59#appfire#\N#appfire#2015-12-20 12:56:59#appfire#1#appfire#1#appfire#5D90C8A6-1C8C-45D9-8751-377D90EFB07A
22D52401-072F-4FE0-8245-412F5014DE9A#appfire#DistrictService#appfire#salesdemo.app.server.service.DistrictService#appfire#{"resourceMapping":"/District","defaultMethodType":"","defaultContentType":""}#appfire#{"repository":{"fileName":"DistrictService.java","filePath":"salesdemo/src/main/java/salesdemo/app/server/service/DistrictService.java"},"implementInterface":[],"extendsClass":[],"repositories":[{"repository":{"fileName":"DistrictRepositoryImpl.java","filePath":"salesdemo/src/main/java/salesdemo/app/server/repository/DistrictRepositoryImpl.java"},"implementInterface":[{"fileName":"DistrictRepository.java","filePath":"salesdemo/src/main/java/salesdemo/app/server/repository/DistrictRepository.java"}],"extendsClass":[{"fileName":"SearchInterfaceImpl.java","filePath":"salesdemo/src/main/java/salesdemo/app/server/repository/SearchInterfaceImpl.java","isDisplay":false}],"entities":{"fileName":"District.java","filePath":"salesdemo/src/main/java/salesdemo/app/shared/location/District.java"}}]}#appfire#I#appfire#XCUE2MXC3AD7APQYXIBQRG#appfire#778A89D7-77F6-4737-A09B-C246EF5BE333#appfire#1#appfire#\N#appfire#2015-12-20 12:56:32#appfire#\N#appfire#2015-12-20 12:56:32#appfire#1#appfire#1#appfire#FE3902D1-62C4-40A7-B72F-EB9FC57D393A
3327B289-EC3C-4B47-AAFC-7E8822DEB5DF#appfire#CurrencyService#appfire#salesdemo.app.server.service.CurrencyService#appfire#{"resourceMapping":"/Currency","defaultMethodType":"","defaultContentType":""}#appfire#{"repository":{"fileName":"CurrencyService.java","filePath":"salesdemo/src/main/java/salesdemo/app/server/service/CurrencyService.java"},"implementInterface":[],"extendsClass":[],"repositories":[{"repository":{"fileName":"CurrencyRepositoryImpl.java","filePath":"salesdemo/src/main/java/salesdemo/app/server/repository/CurrencyRepositoryImpl.java"},"implementInterface":[{"fileName":"CurrencyRepository.java","filePath":"salesdemo/src/main/java/salesdemo/app/server/repository/CurrencyRepository.java"}],"extendsClass":[{"fileName":"SearchInterfaceImpl.java","filePath":"salesdemo/src/main/java/salesdemo/app/server/repository/SearchInterfaceImpl.java","isDisplay":false}],"entities":{"fileName":"Currency.java","filePath":"salesdemo/src/main/java/salesdemo/app/shared/location/Currency.java"}}]}#appfire#I#appfire#XCUE2MXC3AD7APQYXIBQRG#appfire#778A89D7-77F6-4737-A09B-C246EF5BE333#appfire#1#appfire#\N#appfire#2015-12-20 12:56:29#appfire#\N#appfire#2015-12-20 12:56:29#appfire#1#appfire#1#appfire#B985AF75-6A45-45BB-B075-69FBD3B3DE5A
340BEB68-16A3-4D47-8217-84936BD9E20F#appfire#UserAccessDomainService#appfire#salesdemo.app.server.service.UserAccessDomainService#appfire#{"resourceMapping":"/UserAccessDomain","defaultMethodType":"","defaultContentType":""}#appfire#{"repository":{"fileName":"UserAccessDomainService.java","filePath":"salesdemo/src/main/java/salesdemo/app/server/service/UserAccessDomainService.java"},"implementInterface":[],"extendsClass":[],"repositories":[{"repository":{"fileName":"UserAccessDomainRepositoryImpl.java","filePath":"salesdemo/src/main/java/salesdemo/app/server/repository/UserAccessDomainRepositoryImpl.java"},"implementInterface":[{"fileName":"UserAccessDomainRepository.java","filePath":"salesdemo/src/main/java/salesdemo/app/server/repository/UserAccessDomainRepository.java"}],"extendsClass":[{"fileName":"SearchInterfaceImpl.java","filePath":"salesdemo/src/main/java/salesdemo/app/server/repository/SearchInterfaceImpl.java","isDisplay":false}],"entities":{"fileName":"UserAccessDomain.java","filePath":"salesdemo/src/main/java/salesdemo/app/shared/authentication/UserAccessDomain.java"}}]}#appfire#I#appfire#XCUE2MXC3AD7APQYXIBQRG#appfire#778A89D7-77F6-4737-A09B-C246EF5BE333#appfire#1#appfire#\N#appfire#2015-12-20 12:56:48#appfire#\N#appfire#2015-12-20 12:56:48#appfire#1#appfire#1#appfire#ACFE23BE-7970-42EB-91EC-46EBF41CC221
3520658C-37C9-411E-B3D2-00B284FEEAD6#appfire#TalukaService#appfire#salesdemo.app.server.service.TalukaService#appfire#{"resourceMapping":"/Taluka","defaultMethodType":"","defaultContentType":""}#appfire#{"repository":{"fileName":"TalukaService.java","filePath":"salesdemo/src/main/java/salesdemo/app/server/service/TalukaService.java"},"implementInterface":[],"extendsClass":[],"repositories":[{"repository":{"fileName":"TalukaRepositoryImpl.java","filePath":"salesdemo/src/main/java/salesdemo/app/server/repository/TalukaRepositoryImpl.java"},"implementInterface":[{"fileName":"TalukaRepository.java","filePath":"salesdemo/src/main/java/salesdemo/app/server/repository/TalukaRepository.java"}],"extendsClass":[{"fileName":"SearchInterfaceImpl.java","filePath":"salesdemo/src/main/java/salesdemo/app/server/repository/SearchInterfaceImpl.java","isDisplay":false}],"entities":{"fileName":"Taluka.java","filePath":"salesdemo/src/main/java/salesdemo/app/shared/location/Taluka.java"}}]}#appfire#I#appfire#XCUE2MXC3AD7APQYXIBQRG#appfire#778A89D7-77F6-4737-A09B-C246EF5BE333#appfire#1#appfire#\N#appfire#2015-12-20 12:56:35#appfire#\N#appfire#2015-12-20 12:56:35#appfire#1#appfire#1#appfire#3408AB33-4213-40C7-B199-2EE1F0541465
369C8512-7FE0-42BC-8747-4270FD01C05C#appfire#CountryService#appfire#salesdemo.app.server.service.CountryService#appfire#{"resourceMapping":"/Country","defaultMethodType":"","defaultContentType":""}#appfire#{"repository":{"fileName":"CountryService.java","filePath":"salesdemo/src/main/java/salesdemo/app/server/service/CountryService.java"},"implementInterface":[],"extendsClass":[],"repositories":[{"repository":{"fileName":"CountryRepositoryImpl.java","filePath":"salesdemo/src/main/java/salesdemo/app/server/repository/CountryRepositoryImpl.java"},"implementInterface":[{"fileName":"CountryRepository.java","filePath":"salesdemo/src/main/java/salesdemo/app/server/repository/CountryRepository.java"}],"extendsClass":[{"fileName":"SearchInterfaceImpl.java","filePath":"salesdemo/src/main/java/salesdemo/app/server/repository/SearchInterfaceImpl.java","isDisplay":false}],"entities":{"fileName":"Country.java","filePath":"salesdemo/src/main/java/salesdemo/app/shared/location/Country.java"}}]}#appfire#I#appfire#XCUE2MXC3AD7APQYXIBQRG#appfire#778A89D7-77F6-4737-A09B-C246EF5BE333#appfire#1#appfire#\N#appfire#2015-12-20 12:56:29#appfire#\N#appfire#2015-12-20 12:56:29#appfire#1#appfire#1#appfire#234305D6-F83F-4202-81C8-EEC7159C881A
540ADBAB-0454-4F06-ADE2-590008DBA345#appfire#VillageService#appfire#salesdemo.app.server.service.VillageService#appfire#{"resourceMapping":"/Village","defaultMethodType":"","defaultContentType":""}#appfire#{"repository":{"fileName":"VillageService.java","filePath":"salesdemo/src/main/java/salesdemo/app/server/service/VillageService.java"},"implementInterface":[],"extendsClass":[],"repositories":[{"repository":{"fileName":"VillageRepositoryImpl.java","filePath":"salesdemo/src/main/java/salesdemo/app/server/repository/VillageRepositoryImpl.java"},"implementInterface":[{"fileName":"VillageRepository.java","filePath":"salesdemo/src/main/java/salesdemo/app/server/repository/VillageRepository.java"}],"extendsClass":[{"fileName":"SearchInterfaceImpl.java","filePath":"salesdemo/src/main/java/salesdemo/app/server/repository/SearchInterfaceImpl.java","isDisplay":false}],"entities":{"fileName":"Village.java","filePath":"salesdemo/src/main/java/salesdemo/app/shared/location/Village.java"}}]}#appfire#I#appfire#XCUE2MXC3AD7APQYXIBQRG#appfire#778A89D7-77F6-4737-A09B-C246EF5BE333#appfire#1#appfire#\N#appfire#2015-12-20 12:56:37#appfire#\N#appfire#2015-12-20 12:56:37#appfire#1#appfire#1#appfire#79C98BE9-777B-431F-8030-E9F91401CD8C
6504FBD3-0D7D-4F44-901D-30D855BA0904#appfire#ContactTypeService#appfire#salesdemo.app.server.service.ContactTypeService#appfire#{"resourceMapping":"/ContactType","defaultMethodType":"","defaultContentType":""}#appfire#{"repository":{"fileName":"ContactTypeService.java","filePath":"salesdemo/src/main/java/salesdemo/app/server/service/ContactTypeService.java"},"implementInterface":[],"extendsClass":[],"repositories":[{"repository":{"fileName":"ContactTypeRepositoryImpl.java","filePath":"salesdemo/src/main/java/salesdemo/app/server/repository/ContactTypeRepositoryImpl.java"},"implementInterface":[{"fileName":"ContactTypeRepository.java","filePath":"salesdemo/src/main/java/salesdemo/app/server/repository/ContactTypeRepository.java"}],"extendsClass":[{"fileName":"SearchInterfaceImpl.java","filePath":"salesdemo/src/main/java/salesdemo/app/server/repository/SearchInterfaceImpl.java","isDisplay":false}],"entities":{"fileName":"ContactType.java","filePath":"salesdemo/src/main/java/salesdemo/app/shared/contacts/ContactType.java"}}]}#appfire#I#appfire#XCUE2MXC3AD7APQYXIBQRG#appfire#778A89D7-77F6-4737-A09B-C246EF5BE333#appfire#1#appfire#\N#appfire#2015-12-20 12:56:41#appfire#\N#appfire#2015-12-20 12:56:41#appfire#1#appfire#1#appfire#90B8421D-8E1B-43C5-AAD8-2A149FDA9C7C
6543FB36-11FC-48A9-A71E-EC5BD6E7B0EA#appfire#RegionService#appfire#salesdemo.app.server.service.RegionService#appfire#{"resourceMapping":"/Region","defaultMethodType":"","defaultContentType":""}#appfire#{"repository":{"fileName":"RegionService.java","filePath":"salesdemo/src/main/java/salesdemo/app/server/service/RegionService.java"},"implementInterface":[],"extendsClass":[],"repositories":[{"repository":{"fileName":"RegionRepositoryImpl.java","filePath":"salesdemo/src/main/java/salesdemo/app/server/repository/RegionRepositoryImpl.java"},"implementInterface":[{"fileName":"RegionRepository.java","filePath":"salesdemo/src/main/java/salesdemo/app/server/repository/RegionRepository.java"}],"extendsClass":[{"fileName":"SearchInterfaceImpl.java","filePath":"salesdemo/src/main/java/salesdemo/app/server/repository/SearchInterfaceImpl.java","isDisplay":false}],"entities":{"fileName":"Region.java","filePath":"salesdemo/src/main/java/salesdemo/app/shared/location/Region.java"}}]}#appfire#I#appfire#XCUE2MXC3AD7APQYXIBQRG#appfire#778A89D7-77F6-4737-A09B-C246EF5BE333#appfire#1#appfire#\N#appfire#2015-12-20 12:56:31#appfire#\N#appfire#2015-12-20 12:56:31#appfire#1#appfire#1#appfire#3A3F7293-EE9E-42B3-AC51-50EE1692E2C5
672843AD-28D2-4A01-9D9C-5C077246C293#appfire#AppCustomerTypeService#appfire#salesdemo.app.server.service.AppCustomerTypeService#appfire#{"resourceMapping":"/AppCustomerType","defaultMethodType":"","defaultContentType":""}#appfire#{"repository":{"fileName":"AppCustomerTypeService.java","filePath":"salesdemo/src/main/java/salesdemo/app/server/service/AppCustomerTypeService.java"},"implementInterface":[],"extendsClass":[],"repositories":[{"repository":{"fileName":"AppCustomerTypeRepositoryImpl.java","filePath":"salesdemo/src/main/java/salesdemo/app/server/repository/AppCustomerTypeRepositoryImpl.java"},"implementInterface":[{"fileName":"AppCustomerTypeRepository.java","filePath":"salesdemo/src/main/java/salesdemo/app/server/repository/AppCustomerTypeRepository.java"}],"extendsClass":[{"fileName":"SearchInterfaceImpl.java","filePath":"salesdemo/src/main/java/salesdemo/app/server/repository/SearchInterfaceImpl.java","isDisplay":false}],"entities":{"fileName":"AppCustomerType.java","filePath":"salesdemo/src/main/java/salesdemo/app/shared/customers/AppCustomerType.java"}}]}#appfire#I#appfire#XCUE2MXC3AD7APQYXIBQRG#appfire#778A89D7-77F6-4737-A09B-C246EF5BE333#appfire#1#appfire#\N#appfire#2015-12-20 12:57:04#appfire#\N#appfire#2015-12-20 12:57:04#appfire#1#appfire#1#appfire#BDD69A20-5A7D-4049-8DF6-54008C099FBE
6A9330FA-2939-472F-A0FB-AA4C53CCD01E#appfire#CityService#appfire#salesdemo.app.server.service.CityService#appfire#{"resourceMapping":"/City","defaultMethodType":"","defaultContentType":""}#appfire#{"repository":{"fileName":"CityService.java","filePath":"salesdemo/src/main/java/salesdemo/app/server/service/CityService.java"},"implementInterface":[],"extendsClass":[],"repositories":[{"repository":{"fileName":"CityRepositoryImpl.java","filePath":"salesdemo/src/main/java/salesdemo/app/server/repository/CityRepositoryImpl.java"},"implementInterface":[{"fileName":"CityRepository.java","filePath":"salesdemo/src/main/java/salesdemo/app/server/repository/CityRepository.java"}],"extendsClass":[{"fileName":"SearchInterfaceImpl.java","filePath":"salesdemo/src/main/java/salesdemo/app/server/repository/SearchInterfaceImpl.java","isDisplay":false}],"entities":{"fileName":"City.java","filePath":"salesdemo/src/main/java/salesdemo/app/shared/location/City.java"}}]}#appfire#I#appfire#XCUE2MXC3AD7APQYXIBQRG#appfire#778A89D7-77F6-4737-A09B-C246EF5BE333#appfire#1#appfire#\N#appfire#2015-12-20 12:56:33#appfire#\N#appfire#2015-12-20 12:56:33#appfire#1#appfire#1#appfire#251FFB74-729F-406F-9636-7B309F991954
6ADE67E2-D0FD-4DAC-B59D-F9621666243A#appfire#GenderService#appfire#salesdemo.app.server.service.GenderService#appfire#{"resourceMapping":"/Gender","defaultMethodType":"","defaultContentType":""}#appfire#{"repository":{"fileName":"GenderService.java","filePath":"salesdemo/src/main/java/salesdemo/app/server/service/GenderService.java"},"implementInterface":[],"extendsClass":[],"repositories":[{"repository":{"fileName":"GenderRepositoryImpl.java","filePath":"salesdemo/src/main/java/salesdemo/app/server/repository/GenderRepositoryImpl.java"},"implementInterface":[{"fileName":"GenderRepository.java","filePath":"salesdemo/src/main/java/salesdemo/app/server/repository/GenderRepository.java"}],"extendsClass":[{"fileName":"SearchInterfaceImpl.java","filePath":"salesdemo/src/main/java/salesdemo/app/server/repository/SearchInterfaceImpl.java","isDisplay":false}],"entities":{"fileName":"Gender.java","filePath":"salesdemo/src/main/java/salesdemo/app/shared/contacts/Gender.java"}}]}#appfire#I#appfire#XCUE2MXC3AD7APQYXIBQRG#appfire#778A89D7-77F6-4737-A09B-C246EF5BE333#appfire#1#appfire#\N#appfire#2015-12-20 12:56:42#appfire#\N#appfire#2015-12-20 12:56:42#appfire#1#appfire#1#appfire#F999397B-CC7F-4C4B-84D6-FDB5450B3448
78A5475F-37C6-4DAC-879F-5F507ACA1089#appfire#StateService#appfire#salesdemo.app.server.service.StateService#appfire#{"resourceMapping":"/State","defaultMethodType":"","defaultContentType":""}#appfire#{"repository":{"fileName":"StateService.java","filePath":"salesdemo/src/main/java/salesdemo/app/server/service/StateService.java"},"implementInterface":[],"extendsClass":[],"repositories":[{"repository":{"fileName":"StateRepositoryImpl.java","filePath":"salesdemo/src/main/java/salesdemo/app/server/repository/StateRepositoryImpl.java"},"implementInterface":[{"fileName":"StateRepository.java","filePath":"salesdemo/src/main/java/salesdemo/app/server/repository/StateRepository.java"}],"extendsClass":[{"fileName":"SearchInterfaceImpl.java","filePath":"salesdemo/src/main/java/salesdemo/app/server/repository/SearchInterfaceImpl.java","isDisplay":false}],"entities":{"fileName":"State.java","filePath":"salesdemo/src/main/java/salesdemo/app/shared/location/State.java"}}]}#appfire#I#appfire#XCUE2MXC3AD7APQYXIBQRG#appfire#778A89D7-77F6-4737-A09B-C246EF5BE333#appfire#1#appfire#\N#appfire#2015-12-20 12:56:30#appfire#\N#appfire#2015-12-20 12:56:30#appfire#1#appfire#1#appfire#8A7E9E97-22D0-43AE-B283-9FFA69A3BCF6
79995364-9B70-418D-AE95-EA34C04286E9#appfire#LanguageService#appfire#salesdemo.app.server.service.LanguageService#appfire#{"resourceMapping":"/Language","defaultMethodType":"","defaultContentType":""}#appfire#{"repository":{"fileName":"LanguageService.java","filePath":"salesdemo/src/main/java/salesdemo/app/server/service/LanguageService.java"},"implementInterface":[],"extendsClass":[],"repositories":[{"repository":{"fileName":"LanguageRepositoryImpl.java","filePath":"salesdemo/src/main/java/salesdemo/app/server/repository/LanguageRepositoryImpl.java"},"implementInterface":[{"fileName":"LanguageRepository.java","filePath":"salesdemo/src/main/java/salesdemo/app/server/repository/LanguageRepository.java"}],"extendsClass":[{"fileName":"SearchInterfaceImpl.java","filePath":"salesdemo/src/main/java/salesdemo/app/server/repository/SearchInterfaceImpl.java","isDisplay":false}],"entities":{"fileName":"Language.java","filePath":"salesdemo/src/main/java/salesdemo/app/shared/location/Language.java"}}]}#appfire#I#appfire#XCUE2MXC3AD7APQYXIBQRG#appfire#778A89D7-77F6-4737-A09B-C246EF5BE333#appfire#1#appfire#\N#appfire#2015-12-20 12:56:28#appfire#\N#appfire#2015-12-20 12:56:28#appfire#1#appfire#1#appfire#A4C75615-71B6-49E4-9F3A-A18302D0281D
7ADFA5D8-8A89-4161-A74E-C5D8E7FF51AD#appfire#LoginService#appfire#salesdemo.app.server.service.LoginService#appfire#{"resourceMapping":"/Login","defaultMethodType":"","defaultContentType":""}#appfire#{"repository":{"fileName":"LoginService.java","filePath":"salesdemo/src/main/java/salesdemo/app/server/service/LoginService.java"},"implementInterface":[],"extendsClass":[],"repositories":[{"repository":{"fileName":"LoginRepositoryImpl.java","filePath":"salesdemo/src/main/java/salesdemo/app/server/repository/LoginRepositoryImpl.java"},"implementInterface":[{"fileName":"LoginRepository.java","filePath":"salesdemo/src/main/java/salesdemo/app/server/repository/LoginRepository.java"}],"extendsClass":[{"fileName":"SearchInterfaceImpl.java","filePath":"salesdemo/src/main/java/salesdemo/app/server/repository/SearchInterfaceImpl.java","isDisplay":false}],"entities":{"fileName":"Login.java","filePath":"salesdemo/src/main/java/salesdemo/app/shared/authentication/Login.java"}}]}#appfire#I#appfire#XCUE2MXC3AD7APQYXIBQRG#appfire#778A89D7-77F6-4737-A09B-C246EF5BE333#appfire#1#appfire#\N#appfire#2015-12-20 12:56:53#appfire#\N#appfire#2015-12-20 12:56:53#appfire#1#appfire#1#appfire#EF8E91D0-9227-4C8C-A910-8C997F8127FF
7E63C9D2-4585-45E2-B931-B6EC5DCE735D#appfire#AppCustomerCategoryService#appfire#salesdemo.app.server.service.AppCustomerCategoryService#appfire#{"resourceMapping":"/AppCustomerCategory","defaultMethodType":"","defaultContentType":""}#appfire#{"repository":{"fileName":"AppCustomerCategoryService.java","filePath":"salesdemo/src/main/java/salesdemo/app/server/service/AppCustomerCategoryService.java"},"implementInterface":[],"extendsClass":[],"repositories":[{"repository":{"fileName":"AppCustomerCategoryRepositoryImpl.java","filePath":"salesdemo/src/main/java/salesdemo/app/server/repository/AppCustomerCategoryRepositoryImpl.java"},"implementInterface":[{"fileName":"AppCustomerCategoryRepository.java","filePath":"salesdemo/src/main/java/salesdemo/app/server/repository/AppCustomerCategoryRepository.java"}],"extendsClass":[{"fileName":"SearchInterfaceImpl.java","filePath":"salesdemo/src/main/java/salesdemo/app/server/repository/SearchInterfaceImpl.java","isDisplay":false}],"entities":{"fileName":"AppCustomerCategory.java","filePath":"salesdemo/src/main/java/salesdemo/app/shared/customers/AppCustomerCategory.java"}}]}#appfire#I#appfire#XCUE2MXC3AD7APQYXIBQRG#appfire#778A89D7-77F6-4737-A09B-C246EF5BE333#appfire#1#appfire#\N#appfire#2015-12-20 12:57:04#appfire#\N#appfire#2015-12-20 12:57:04#appfire#1#appfire#1#appfire#6BEB37CE-0AA0-4C76-9D1B-808F9F469899
81A7514C-9F13-46E0-A4CC-3866534B4B65#appfire#TitleService#appfire#salesdemo.app.server.service.TitleService#appfire#{"resourceMapping":"/Title","defaultMethodType":"","defaultContentType":""}#appfire#{"repository":{"fileName":"TitleService.java","filePath":"salesdemo/src/main/java/salesdemo/app/server/service/TitleService.java"},"implementInterface":[],"extendsClass":[],"repositories":[{"repository":{"fileName":"TitleRepositoryImpl.java","filePath":"salesdemo/src/main/java/salesdemo/app/server/repository/TitleRepositoryImpl.java"},"implementInterface":[{"fileName":"TitleRepository.java","filePath":"salesdemo/src/main/java/salesdemo/app/server/repository/TitleRepository.java"}],"extendsClass":[{"fileName":"SearchInterfaceImpl.java","filePath":"salesdemo/src/main/java/salesdemo/app/server/repository/SearchInterfaceImpl.java","isDisplay":false}],"entities":{"fileName":"Title.java","filePath":"salesdemo/src/main/java/salesdemo/app/shared/contacts/Title.java"}}]}#appfire#I#appfire#XCUE2MXC3AD7APQYXIBQRG#appfire#778A89D7-77F6-4737-A09B-C246EF5BE333#appfire#1#appfire#\N#appfire#2015-12-20 12:56:43#appfire#\N#appfire#2015-12-20 12:56:43#appfire#1#appfire#1#appfire#D329E272-6AB4-49EF-BB19-074F01912FA9
81CE61A1-6F04-4B32-9E16-6A0A485BF55F#appfire#TimezoneService#appfire#salesdemo.app.server.service.TimezoneService#appfire#{"resourceMapping":"/Timezone","defaultMethodType":"","defaultContentType":""}#appfire#{"repository":{"fileName":"TimezoneService.java","filePath":"salesdemo/src/main/java/salesdemo/app/server/service/TimezoneService.java"},"implementInterface":[],"extendsClass":[],"repositories":[{"repository":{"fileName":"TimezoneRepositoryImpl.java","filePath":"salesdemo/src/main/java/salesdemo/app/server/repository/TimezoneRepositoryImpl.java"},"implementInterface":[{"fileName":"TimezoneRepository.java","filePath":"salesdemo/src/main/java/salesdemo/app/server/repository/TimezoneRepository.java"}],"extendsClass":[{"fileName":"SearchInterfaceImpl.java","filePath":"salesdemo/src/main/java/salesdemo/app/server/repository/SearchInterfaceImpl.java","isDisplay":false}],"entities":{"fileName":"Timezone.java","filePath":"salesdemo/src/main/java/salesdemo/app/shared/location/Timezone.java"}}]}#appfire#I#appfire#XCUE2MXC3AD7APQYXIBQRG#appfire#778A89D7-77F6-4737-A09B-C246EF5BE333#appfire#1#appfire#\N#appfire#2015-12-20 12:56:28#appfire#\N#appfire#2015-12-20 12:56:28#appfire#1#appfire#1#appfire#29432158-8316-41DE-94EF-5034BAFD5609
89BF57A3-E10E-4AE4-A614-9EFCED74C6C8#appfire#PasswordAlgoService#appfire#salesdemo.app.server.service.PasswordAlgoService#appfire#{"resourceMapping":"/PasswordAlgo","defaultMethodType":"","defaultContentType":""}#appfire#{"repository":{"fileName":"PasswordAlgoService.java","filePath":"salesdemo/src/main/java/salesdemo/app/server/service/PasswordAlgoService.java"},"implementInterface":[],"extendsClass":[],"repositories":[{"repository":{"fileName":"PasswordAlgoRepositoryImpl.java","filePath":"salesdemo/src/main/java/salesdemo/app/server/repository/PasswordAlgoRepositoryImpl.java"},"implementInterface":[{"fileName":"PasswordAlgoRepository.java","filePath":"salesdemo/src/main/java/salesdemo/app/server/repository/PasswordAlgoRepository.java"}],"extendsClass":[{"fileName":"SearchInterfaceImpl.java","filePath":"salesdemo/src/main/java/salesdemo/app/server/repository/SearchInterfaceImpl.java","isDisplay":false}],"entities":{"fileName":"PasswordAlgo.java","filePath":"salesdemo/src/main/java/salesdemo/app/shared/authentication/PasswordAlgo.java"}}]}#appfire#I#appfire#XCUE2MXC3AD7APQYXIBQRG#appfire#778A89D7-77F6-4737-A09B-C246EF5BE333#appfire#1#appfire#\N#appfire#2015-12-20 12:56:47#appfire#\N#appfire#2015-12-20 12:56:47#appfire#1#appfire#1#appfire#0812D515-B8DF-4208-BE30-755DD9867A6D
8DA9A41E-D818-4ADE-BACA-00D9D948DFA1#appfire#AddressTypeService#appfire#salesdemo.app.server.service.AddressTypeService#appfire#{"resourceMapping":"/AddressType","defaultMethodType":"","defaultContentType":""}#appfire#{"repository":{"fileName":"AddressTypeService.java","filePath":"salesdemo/src/main/java/salesdemo/app/server/service/AddressTypeService.java"},"implementInterface":[],"extendsClass":[],"repositories":[{"repository":{"fileName":"AddressTypeRepositoryImpl.java","filePath":"salesdemo/src/main/java/salesdemo/app/server/repository/AddressTypeRepositoryImpl.java"},"implementInterface":[{"fileName":"AddressTypeRepository.java","filePath":"salesdemo/src/main/java/salesdemo/app/server/repository/AddressTypeRepository.java"}],"extendsClass":[{"fileName":"SearchInterfaceImpl.java","filePath":"salesdemo/src/main/java/salesdemo/app/server/repository/SearchInterfaceImpl.java","isDisplay":false}],"entities":{"fileName":"AddressType.java","filePath":"salesdemo/src/main/java/salesdemo/app/shared/location/AddressType.java"}}]}#appfire#I#appfire#XCUE2MXC3AD7APQYXIBQRG#appfire#778A89D7-77F6-4737-A09B-C246EF5BE333#appfire#1#appfire#\N#appfire#2015-12-20 12:56:38#appfire#\N#appfire#2015-12-20 12:56:38#appfire#1#appfire#1#appfire#6105233A-6D8A-4F33-9D73-88EE1E7A7FE8
A80A7257-6871-4FE6-A67D-00AEA67D8BB8#appfire#AppCustomerService#appfire#salesdemo.app.server.service.AppCustomerService#appfire#{"resourceMapping":"/AppCustomer","defaultMethodType":"","defaultContentType":""}#appfire#{"repository":{"fileName":"AppCustomerService.java","filePath":"salesdemo/src/main/java/salesdemo/app/server/service/AppCustomerService.java"},"implementInterface":[],"extendsClass":[],"repositories":[{"repository":{"fileName":"AppCustomerRepositoryImpl.java","filePath":"salesdemo/src/main/java/salesdemo/app/server/repository/AppCustomerRepositoryImpl.java"},"implementInterface":[{"fileName":"AppCustomerRepository.java","filePath":"salesdemo/src/main/java/salesdemo/app/server/repository/AppCustomerRepository.java"}],"extendsClass":[{"fileName":"SearchInterfaceImpl.java","filePath":"salesdemo/src/main/java/salesdemo/app/server/repository/SearchInterfaceImpl.java","isDisplay":false}],"entities":{"fileName":"AppCustomer.java","filePath":"salesdemo/src/main/java/salesdemo/app/shared/customers/AppCustomer.java"}}]}#appfire#I#appfire#XCUE2MXC3AD7APQYXIBQRG#appfire#778A89D7-77F6-4737-A09B-C246EF5BE333#appfire#1#appfire#\N#appfire#2015-12-20 12:57:05#appfire#\N#appfire#2015-12-20 12:57:05#appfire#1#appfire#1#appfire#0C945051-C31A-48BB-840F-431A059CAAE0
AC162A6E-89FD-4928-8354-E9A2B0EE2423#appfire#CommunicationTypeService#appfire#salesdemo.app.server.service.CommunicationTypeService#appfire#{"resourceMapping":"/CommunicationType","defaultMethodType":"","defaultContentType":""}#appfire#{"repository":{"fileName":"CommunicationTypeService.java","filePath":"salesdemo/src/main/java/salesdemo/app/server/service/CommunicationTypeService.java"},"implementInterface":[],"extendsClass":[],"repositories":[{"repository":{"fileName":"CommunicationTypeRepositoryImpl.java","filePath":"salesdemo/src/main/java/salesdemo/app/server/repository/CommunicationTypeRepositoryImpl.java"},"implementInterface":[{"fileName":"CommunicationTypeRepository.java","filePath":"salesdemo/src/main/java/salesdemo/app/server/repository/CommunicationTypeRepository.java"}],"extendsClass":[{"fileName":"SearchInterfaceImpl.java","filePath":"salesdemo/src/main/java/salesdemo/app/server/repository/SearchInterfaceImpl.java","isDisplay":false}],"entities":{"fileName":"CommunicationType.java","filePath":"salesdemo/src/main/java/salesdemo/app/shared/contacts/CommunicationType.java"}}]}#appfire#I#appfire#XCUE2MXC3AD7APQYXIBQRG#appfire#778A89D7-77F6-4737-A09B-C246EF5BE333#appfire#1#appfire#\N#appfire#2015-12-20 12:56:42#appfire#\N#appfire#2015-12-20 12:56:42#appfire#1#appfire#1#appfire#04493C1B-3DC1-41EB-9F47-01EFCD7ED37E
ADE85002-F63C-4818-87DA-3B91A24F0A06#appfire#UserRoleBridgeService#appfire#salesdemo.app.server.service.UserRoleBridgeService#appfire#{"resourceMapping":"/UserRoleBridge","defaultMethodType":"","defaultContentType":""}#appfire#{"repository":{"fileName":"UserRoleBridgeService.java","filePath":"salesdemo/src/main/java/salesdemo/app/server/service/UserRoleBridgeService.java"},"implementInterface":[],"extendsClass":[],"repositories":[{"repository":{"fileName":"UserRoleBridgeRepositoryImpl.java","filePath":"salesdemo/src/main/java/salesdemo/app/server/repository/UserRoleBridgeRepositoryImpl.java"},"implementInterface":[{"fileName":"UserRoleBridgeRepository.java","filePath":"salesdemo/src/main/java/salesdemo/app/server/repository/UserRoleBridgeRepository.java"}],"extendsClass":[{"fileName":"SearchInterfaceImpl.java","filePath":"salesdemo/src/main/java/salesdemo/app/server/repository/SearchInterfaceImpl.java","isDisplay":false}],"entities":{"fileName":"UserRoleBridge.java","filePath":"salesdemo/src/main/java/salesdemo/app/shared/authorization/UserRoleBridge.java"}}]}#appfire#I#appfire#XCUE2MXC3AD7APQYXIBQRG#appfire#778A89D7-77F6-4737-A09B-C246EF5BE333#appfire#1#appfire#\N#appfire#2015-12-20 12:57:03#appfire#\N#appfire#2015-12-20 12:57:03#appfire#1#appfire#1#appfire#969A92FD-0456-4B0A-821D-BA76B78774B2
B49084C3-2AD7-49AC-B382-32E27870892B#appfire#AddressService#appfire#salesdemo.app.server.service.AddressService#appfire#{"resourceMapping":"/Address","defaultMethodType":"","defaultContentType":""}#appfire#{"repository":{"fileName":"AddressService.java","filePath":"salesdemo/src/main/java/salesdemo/app/server/service/AddressService.java"},"implementInterface":[],"extendsClass":[],"repositories":[{"repository":{"fileName":"AddressRepositoryImpl.java","filePath":"salesdemo/src/main/java/salesdemo/app/server/repository/AddressRepositoryImpl.java"},"implementInterface":[{"fileName":"AddressRepository.java","filePath":"salesdemo/src/main/java/salesdemo/app/server/repository/AddressRepository.java"}],"extendsClass":[{"fileName":"SearchInterfaceImpl.java","filePath":"salesdemo/src/main/java/salesdemo/app/server/repository/SearchInterfaceImpl.java","isDisplay":false}],"entities":{"fileName":"Address.java","filePath":"salesdemo/src/main/java/salesdemo/app/shared/location/Address.java"}}]}#appfire#I#appfire#XCUE2MXC3AD7APQYXIBQRG#appfire#778A89D7-77F6-4737-A09B-C246EF5BE333#appfire#1#appfire#\N#appfire#2015-12-20 12:56:39#appfire#\N#appfire#2015-12-20 12:56:39#appfire#1#appfire#1#appfire#EC7625EE-2026-4757-826F-3C00395B24DB
B74266E9-D79F-4ECD-B4C0-3F696EDF7861#appfire#UserAccessLevelService#appfire#salesdemo.app.server.service.UserAccessLevelService#appfire#{"resourceMapping":"/UserAccessLevel","defaultMethodType":"","defaultContentType":""}#appfire#{"repository":{"fileName":"UserAccessLevelService.java","filePath":"salesdemo/src/main/java/salesdemo/app/server/service/UserAccessLevelService.java"},"implementInterface":[],"extendsClass":[],"repositories":[{"repository":{"fileName":"UserAccessLevelRepositoryImpl.java","filePath":"salesdemo/src/main/java/salesdemo/app/server/repository/UserAccessLevelRepositoryImpl.java"},"implementInterface":[{"fileName":"UserAccessLevelRepository.java","filePath":"salesdemo/src/main/java/salesdemo/app/server/repository/UserAccessLevelRepository.java"}],"extendsClass":[{"fileName":"SearchInterfaceImpl.java","filePath":"salesdemo/src/main/java/salesdemo/app/server/repository/SearchInterfaceImpl.java","isDisplay":false}],"entities":{"fileName":"UserAccessLevel.java","filePath":"salesdemo/src/main/java/salesdemo/app/shared/authentication/UserAccessLevel.java"}}]}#appfire#I#appfire#XCUE2MXC3AD7APQYXIBQRG#appfire#778A89D7-77F6-4737-A09B-C246EF5BE333#appfire#1#appfire#\N#appfire#2015-12-20 12:56:48#appfire#\N#appfire#2015-12-20 12:56:48#appfire#1#appfire#1#appfire#37805D51-D816-44A8-A592-5E200C884D72
BC9A29E2-FEE1-4E87-8CE5-5C04040FC7F8#appfire#CommunicationGroupService#appfire#salesdemo.app.server.service.CommunicationGroupService#appfire#{"resourceMapping":"/CommunicationGroup","defaultMethodType":"","defaultContentType":""}#appfire#{"repository":{"fileName":"CommunicationGroupService.java","filePath":"salesdemo/src/main/java/salesdemo/app/server/service/CommunicationGroupService.java"},"implementInterface":[],"extendsClass":[],"repositories":[{"repository":{"fileName":"CommunicationGroupRepositoryImpl.java","filePath":"salesdemo/src/main/java/salesdemo/app/server/repository/CommunicationGroupRepositoryImpl.java"},"implementInterface":[{"fileName":"CommunicationGroupRepository.java","filePath":"salesdemo/src/main/java/salesdemo/app/server/repository/CommunicationGroupRepository.java"}],"extendsClass":[{"fileName":"SearchInterfaceImpl.java","filePath":"salesdemo/src/main/java/salesdemo/app/server/repository/SearchInterfaceImpl.java","isDisplay":false}],"entities":{"fileName":"CommunicationGroup.java","filePath":"salesdemo/src/main/java/salesdemo/app/shared/contacts/CommunicationGroup.java"}}]}#appfire#I#appfire#XCUE2MXC3AD7APQYXIBQRG#appfire#778A89D7-77F6-4737-A09B-C246EF5BE333#appfire#1#appfire#\N#appfire#2015-12-20 12:56:41#appfire#\N#appfire#2015-12-20 12:56:41#appfire#1#appfire#1#appfire#A8B9D08F-CA0A-4550-9407-81F5A5469A60
C476B1AC-3F34-4819-AF94-F74B7EE7C8DC#appfire#PasswordPolicyService#appfire#salesdemo.app.server.service.PasswordPolicyService#appfire#{"resourceMapping":"/PasswordPolicy","defaultMethodType":"","defaultContentType":""}#appfire#{"repository":{"fileName":"PasswordPolicyService.java","filePath":"salesdemo/src/main/java/salesdemo/app/server/service/PasswordPolicyService.java"},"implementInterface":[],"extendsClass":[],"repositories":[{"repository":{"fileName":"PasswordPolicyRepositoryImpl.java","filePath":"salesdemo/src/main/java/salesdemo/app/server/repository/PasswordPolicyRepositoryImpl.java"},"implementInterface":[{"fileName":"PasswordPolicyRepository.java","filePath":"salesdemo/src/main/java/salesdemo/app/server/repository/PasswordPolicyRepository.java"}],"extendsClass":[{"fileName":"SearchInterfaceImpl.java","filePath":"salesdemo/src/main/java/salesdemo/app/server/repository/SearchInterfaceImpl.java","isDisplay":false}],"entities":{"fileName":"PasswordPolicy.java","filePath":"salesdemo/src/main/java/salesdemo/app/shared/authentication/PasswordPolicy.java"}}]}#appfire#I#appfire#XCUE2MXC3AD7APQYXIBQRG#appfire#778A89D7-77F6-4737-A09B-C246EF5BE333#appfire#1#appfire#\N#appfire#2015-12-20 12:56:48#appfire#\N#appfire#2015-12-20 12:56:48#appfire#1#appfire#1#appfire#D1156154-1900-4AE7-B626-6B4220079520
C81AE2F4-2BCA-4E33-910E-7E659DBE586A#appfire#CoreContactsService#appfire#salesdemo.app.server.service.CoreContactsService#appfire#{"resourceMapping":"/CoreContacts","defaultMethodType":"","defaultContentType":""}#appfire#{"repository":{"fileName":"CoreContactsService.java","filePath":"salesdemo/src/main/java/salesdemo/app/server/service/CoreContactsService.java"},"implementInterface":[],"extendsClass":[],"repositories":[{"repository":{"fileName":"CoreContactsRepositoryImpl.java","filePath":"salesdemo/src/main/java/salesdemo/app/server/repository/CoreContactsRepositoryImpl.java"},"implementInterface":[{"fileName":"CoreContactsRepository.java","filePath":"salesdemo/src/main/java/salesdemo/app/server/repository/CoreContactsRepository.java"}],"extendsClass":[{"fileName":"SearchInterfaceImpl.java","filePath":"salesdemo/src/main/java/salesdemo/app/server/repository/SearchInterfaceImpl.java","isDisplay":false}],"entities":{"fileName":"CoreContacts.java","filePath":"salesdemo/src/main/java/salesdemo/app/shared/contacts/CoreContacts.java"}}]}#appfire#I#appfire#XCUE2MXC3AD7APQYXIBQRG#appfire#778A89D7-77F6-4737-A09B-C246EF5BE333#appfire#1#appfire#\N#appfire#2015-12-20 12:56:44#appfire#\N#appfire#2015-12-20 12:56:44#appfire#1#appfire#1#appfire#26A0DA9A-566B-47A0-96FB-03D67A59AAF3
E370EA38-B49C-4CCE-AAA7-6CE408C9B8E0#appfire#QuestionService#appfire#salesdemo.app.server.service.QuestionService#appfire#{"resourceMapping":"/Question","defaultMethodType":"","defaultContentType":""}#appfire#{"repository":{"fileName":"QuestionService.java","filePath":"salesdemo/src/main/java/salesdemo/app/server/service/QuestionService.java"},"implementInterface":[],"extendsClass":[],"repositories":[{"repository":{"fileName":"QuestionRepositoryImpl.java","filePath":"salesdemo/src/main/java/salesdemo/app/server/repository/QuestionRepositoryImpl.java"},"implementInterface":[{"fileName":"QuestionRepository.java","filePath":"salesdemo/src/main/java/salesdemo/app/server/repository/QuestionRepository.java"}],"extendsClass":[{"fileName":"SearchInterfaceImpl.java","filePath":"salesdemo/src/main/java/salesdemo/app/server/repository/SearchInterfaceImpl.java","isDisplay":false}],"entities":{"fileName":"Question.java","filePath":"salesdemo/src/main/java/salesdemo/app/shared/authentication/Question.java"}}]}#appfire#I#appfire#XCUE2MXC3AD7APQYXIBQRG#appfire#778A89D7-77F6-4737-A09B-C246EF5BE333#appfire#1#appfire#\N#appfire#2015-12-20 12:56:48#appfire#\N#appfire#2015-12-20 12:56:48#appfire#1#appfire#1#appfire#F63D074C-0833-4EEA-9797-338EB7E6139F
E997DA45-A716-4A1C-9C07-B169053ECA55#appfire#AppMenusService#appfire#salesdemo.app.server.service.AppMenusService#appfire#{"resourceMapping":"/AppMenus","defaultMethodType":"","defaultContentType":""}#appfire#{"repository":{"fileName":"AppMenusService.java","filePath":"salesdemo/src/main/java/salesdemo/app/server/service/AppMenusService.java"},"implementInterface":[],"extendsClass":[],"repositories":[{"repository":{"fileName":"AppMenusRepositoryImpl.java","filePath":"salesdemo/src/main/java/salesdemo/app/server/repository/AppMenusRepositoryImpl.java"},"implementInterface":[{"fileName":"AppMenusRepository.java","filePath":"salesdemo/src/main/java/salesdemo/app/server/repository/AppMenusRepository.java"}],"extendsClass":[{"fileName":"SearchInterfaceImpl.java","filePath":"salesdemo/src/main/java/salesdemo/app/server/repository/SearchInterfaceImpl.java","isDisplay":false}],"entities":{"fileName":"AppMenus.java","filePath":"salesdemo/src/main/java/salesdemo/app/shared/authorization/AppMenus.java"}}]}#appfire#I#appfire#XCUE2MXC3AD7APQYXIBQRG#appfire#778A89D7-77F6-4737-A09B-C246EF5BE333#appfire#1#appfire#\N#appfire#2015-12-20 12:57:00#appfire#\N#appfire#2015-12-20 12:57:00#appfire#1#appfire#1#appfire#1F9DA60E-ACB6-44C4-A65F-464AF6935399
