0318E574-BEA5-438A-8775-7E14AF22E684#appfire#AppCustomerService#appfire#com.app.server.service.AppCustomerService#appfire#{"resourceMapping":"/AppCustomer","defaultMethodType":"","defaultContentType":""}#appfire#{"repository":{"fileName":"AppCustomerService.java","filePath":"project4/src/main/java/com/app/server/service/AppCustomerService.java"},"implementInterface":[],"extendsClass":[],"repositories":[{"repository":{"fileName":"AppCustomerRepositoryImpl.java","filePath":"project4/src/main/java/com/app/server/repository/AppCustomerRepositoryImpl.java"},"implementInterface":[{"fileName":"AppCustomerRepository.java","filePath":"project4/src/main/java/com/app/server/repository/AppCustomerRepository.java"}],"extendsClass":[{"fileName":"SearchInterfaceImpl.java","filePath":"project4/src/main/java/com/app/server/repository/SearchInterfaceImpl.java","isDisplay":false}],"entities":{"fileName":"AppCustomer.java","filePath":"project4/src/main/java/com/app/shared/customers/AppCustomer.java"}}]}#appfire#I#appfire#LAFWNT36NYJX0R1A8SKAW#appfire#D89A9EFD-BEE6-48E5-989B-E4C834559300#appfire#1#appfire#\N#appfire#2016-01-13 09:30:57#appfire#\N#appfire#2016-01-13 09:30:57#appfire#1#appfire#1#appfire#6BAB5E1E-FC65-4A61-AE76-E59B00585B82
156E1105-9BA4-4B28-821E-51A3F984EC2B#appfire#UserAccessLevelService#appfire#com.app.server.service.UserAccessLevelService#appfire#{"resourceMapping":"/UserAccessLevel","defaultMethodType":"","defaultContentType":""}#appfire#{"repository":{"fileName":"UserAccessLevelService.java","filePath":"project4/src/main/java/com/app/server/service/UserAccessLevelService.java"},"implementInterface":[],"extendsClass":[],"repositories":[{"repository":{"fileName":"UserAccessLevelRepositoryImpl.java","filePath":"project4/src/main/java/com/app/server/repository/UserAccessLevelRepositoryImpl.java"},"implementInterface":[{"fileName":"UserAccessLevelRepository.java","filePath":"project4/src/main/java/com/app/server/repository/UserAccessLevelRepository.java"}],"extendsClass":[{"fileName":"SearchInterfaceImpl.java","filePath":"project4/src/main/java/com/app/server/repository/SearchInterfaceImpl.java","isDisplay":false}],"entities":{"fileName":"UserAccessLevel.java","filePath":"project4/src/main/java/com/app/shared/authentication/UserAccessLevel.java"}}]}#appfire#I#appfire#LAFWNT36NYJX0R1A8SKAW#appfire#D89A9EFD-BEE6-48E5-989B-E4C834559300#appfire#1#appfire#\N#appfire#2016-01-13 09:30:32#appfire#\N#appfire#2016-01-13 09:30:32#appfire#1#appfire#1#appfire#1960E83A-9B98-4802-8676-FF110078F84E
1A5F4E1E-E2A7-4EFB-84AB-A6A239E77CCA#appfire#RegionService#appfire#com.app.server.service.RegionService#appfire#{"resourceMapping":"/Region","defaultMethodType":"","defaultContentType":""}#appfire#{"repository":{"fileName":"RegionService.java","filePath":"project4/src/main/java/com/app/server/service/RegionService.java"},"implementInterface":[],"extendsClass":[],"repositories":[{"repository":{"fileName":"RegionRepositoryImpl.java","filePath":"project4/src/main/java/com/app/server/repository/RegionRepositoryImpl.java"},"implementInterface":[{"fileName":"RegionRepository.java","filePath":"project4/src/main/java/com/app/server/repository/RegionRepository.java"}],"extendsClass":[{"fileName":"SearchInterfaceImpl.java","filePath":"project4/src/main/java/com/app/server/repository/SearchInterfaceImpl.java","isDisplay":false}],"entities":{"fileName":"Region.java","filePath":"project4/src/main/java/com/app/shared/location/Region.java"}}]}#appfire#I#appfire#LAFWNT36NYJX0R1A8SKAW#appfire#D89A9EFD-BEE6-48E5-989B-E4C834559300#appfire#1#appfire#\N#appfire#2016-01-13 09:30:07#appfire#\N#appfire#2016-01-13 09:30:07#appfire#1#appfire#1#appfire#BA737CE6-AF6D-4FB3-9AE8-49356275E976
1F992A8A-D620-4AF0-90B9-DB1DACD12EAA#appfire#TalukaService#appfire#com.app.server.service.TalukaService#appfire#{"resourceMapping":"/Taluka","defaultMethodType":"","defaultContentType":""}#appfire#{"repository":{"fileName":"TalukaService.java","filePath":"project4/src/main/java/com/app/server/service/TalukaService.java"},"implementInterface":[],"extendsClass":[],"repositories":[{"repository":{"fileName":"TalukaRepositoryImpl.java","filePath":"project4/src/main/java/com/app/server/repository/TalukaRepositoryImpl.java"},"implementInterface":[{"fileName":"TalukaRepository.java","filePath":"project4/src/main/java/com/app/server/repository/TalukaRepository.java"}],"extendsClass":[{"fileName":"SearchInterfaceImpl.java","filePath":"project4/src/main/java/com/app/server/repository/SearchInterfaceImpl.java","isDisplay":false}],"entities":{"fileName":"Taluka.java","filePath":"project4/src/main/java/com/app/shared/location/Taluka.java"}}]}#appfire#I#appfire#LAFWNT36NYJX0R1A8SKAW#appfire#D89A9EFD-BEE6-48E5-989B-E4C834559300#appfire#1#appfire#\N#appfire#2016-01-13 09:30:11#appfire#\N#appfire#2016-01-13 09:30:11#appfire#1#appfire#1#appfire#DBC630C9-C5CE-4E45-849A-D6E77650B8DD
254BC880-D477-4F40-9D9A-27900393D6CF#appfire#QuestionService#appfire#com.app.server.service.QuestionService#appfire#{"resourceMapping":"/Question","defaultMethodType":"","defaultContentType":""}#appfire#{"repository":{"fileName":"QuestionService.java","filePath":"project4/src/main/java/com/app/server/service/QuestionService.java"},"implementInterface":[],"extendsClass":[],"repositories":[{"repository":{"fileName":"QuestionRepositoryImpl.java","filePath":"project4/src/main/java/com/app/server/repository/QuestionRepositoryImpl.java"},"implementInterface":[{"fileName":"QuestionRepository.java","filePath":"project4/src/main/java/com/app/server/repository/QuestionRepository.java"}],"extendsClass":[{"fileName":"SearchInterfaceImpl.java","filePath":"project4/src/main/java/com/app/server/repository/SearchInterfaceImpl.java","isDisplay":false}],"entities":{"fileName":"Question.java","filePath":"project4/src/main/java/com/app/shared/authentication/Question.java"}}]}#appfire#I#appfire#LAFWNT36NYJX0R1A8SKAW#appfire#D89A9EFD-BEE6-48E5-989B-E4C834559300#appfire#1#appfire#\N#appfire#2016-01-13 09:30:31#appfire#\N#appfire#2016-01-13 09:30:31#appfire#1#appfire#1#appfire#BF9FCE65-D8B9-446E-A5D9-F1C803D85538
2F31129F-49CA-47EB-997D-AF22CC48CDEA#appfire#RolesService#appfire#com.app.server.service.RolesService#appfire#{"resourceMapping":"/Roles","defaultMethodType":"","defaultContentType":""}#appfire#{"repository":{"fileName":"RolesService.java","filePath":"project4/src/main/java/com/app/server/service/RolesService.java"},"implementInterface":[],"extendsClass":[],"repositories":[{"repository":{"fileName":"RolesRepositoryImpl.java","filePath":"project4/src/main/java/com/app/server/repository/RolesRepositoryImpl.java"},"implementInterface":[{"fileName":"RolesRepository.java","filePath":"project4/src/main/java/com/app/server/repository/RolesRepository.java"}],"extendsClass":[{"fileName":"SearchInterfaceImpl.java","filePath":"project4/src/main/java/com/app/server/repository/SearchInterfaceImpl.java","isDisplay":false}],"entities":{"fileName":"Roles.java","filePath":"project4/src/main/java/com/app/shared/authorization/Roles.java"}}]}#appfire#I#appfire#LAFWNT36NYJX0R1A8SKAW#appfire#D89A9EFD-BEE6-48E5-989B-E4C834559300#appfire#1#appfire#\N#appfire#2016-01-13 09:30:50#appfire#\N#appfire#2016-01-13 09:30:50#appfire#1#appfire#1#appfire#116E14E1-9084-4108-AC29-23AAF4F343BF
300091CF-179B-4F95-850E-F0716A884775#appfire#UserRoleBridgeService#appfire#com.app.server.service.UserRoleBridgeService#appfire#{"resourceMapping":"/UserRoleBridge","defaultMethodType":"","defaultContentType":""}#appfire#{"repository":{"fileName":"UserRoleBridgeService.java","filePath":"project4/src/main/java/com/app/server/service/UserRoleBridgeService.java"},"implementInterface":[],"extendsClass":[],"repositories":[{"repository":{"fileName":"UserRoleBridgeRepositoryImpl.java","filePath":"project4/src/main/java/com/app/server/repository/UserRoleBridgeRepositoryImpl.java"},"implementInterface":[{"fileName":"UserRoleBridgeRepository.java","filePath":"project4/src/main/java/com/app/server/repository/UserRoleBridgeRepository.java"}],"extendsClass":[{"fileName":"SearchInterfaceImpl.java","filePath":"project4/src/main/java/com/app/server/repository/SearchInterfaceImpl.java","isDisplay":false}],"entities":{"fileName":"UserRoleBridge.java","filePath":"project4/src/main/java/com/app/shared/authorization/UserRoleBridge.java"}}]}#appfire#I#appfire#LAFWNT36NYJX0R1A8SKAW#appfire#D89A9EFD-BEE6-48E5-989B-E4C834559300#appfire#1#appfire#\N#appfire#2016-01-13 09:30:54#appfire#\N#appfire#2016-01-13 09:30:54#appfire#1#appfire#1#appfire#3730284D-847B-46EA-8553-231BDA5574DF
3CB43732-28E7-4152-8CDF-A9AC6002EEA9#appfire#CountryService#appfire#com.app.server.service.CountryService#appfire#{"resourceMapping":"/Country","defaultMethodType":"","defaultContentType":""}#appfire#{"repository":{"fileName":"CountryService.java","filePath":"project4/src/main/java/com/app/server/service/CountryService.java"},"implementInterface":[],"extendsClass":[],"repositories":[{"repository":{"fileName":"CountryRepositoryImpl.java","filePath":"project4/src/main/java/com/app/server/repository/CountryRepositoryImpl.java"},"implementInterface":[{"fileName":"CountryRepository.java","filePath":"project4/src/main/java/com/app/server/repository/CountryRepository.java"}],"extendsClass":[{"fileName":"SearchInterfaceImpl.java","filePath":"project4/src/main/java/com/app/server/repository/SearchInterfaceImpl.java","isDisplay":false}],"entities":{"fileName":"Country.java","filePath":"project4/src/main/java/com/app/shared/location/Country.java"}}]}#appfire#I#appfire#LAFWNT36NYJX0R1A8SKAW#appfire#D89A9EFD-BEE6-48E5-989B-E4C834559300#appfire#1#appfire#\N#appfire#2016-01-13 09:30:04#appfire#\N#appfire#2016-01-13 09:30:04#appfire#1#appfire#1#appfire#B6460E8A-4789-4D86-98F9-A99CA67F6DF7
416A48F9-6104-4D02-BB7F-A63E6695451B#appfire#DistrictService#appfire#com.app.server.service.DistrictService#appfire#{"resourceMapping":"/District","defaultMethodType":"","defaultContentType":""}#appfire#{"repository":{"fileName":"DistrictService.java","filePath":"project4/src/main/java/com/app/server/service/DistrictService.java"},"implementInterface":[],"extendsClass":[],"repositories":[{"repository":{"fileName":"DistrictRepositoryImpl.java","filePath":"project4/src/main/java/com/app/server/repository/DistrictRepositoryImpl.java"},"implementInterface":[{"fileName":"DistrictRepository.java","filePath":"project4/src/main/java/com/app/server/repository/DistrictRepository.java"}],"extendsClass":[{"fileName":"SearchInterfaceImpl.java","filePath":"project4/src/main/java/com/app/server/repository/SearchInterfaceImpl.java","isDisplay":false}],"entities":{"fileName":"District.java","filePath":"project4/src/main/java/com/app/shared/location/District.java"}}]}#appfire#I#appfire#LAFWNT36NYJX0R1A8SKAW#appfire#D89A9EFD-BEE6-48E5-989B-E4C834559300#appfire#1#appfire#\N#appfire#2016-01-13 09:30:08#appfire#\N#appfire#2016-01-13 09:30:08#appfire#1#appfire#1#appfire#95E94BCF-ADCD-4E11-A41F-9D641F255517
59DB2124-65A4-42C4-9096-00F5A9DB0BF8#appfire#CommunicationTypeService#appfire#com.app.server.service.CommunicationTypeService#appfire#{"resourceMapping":"/CommunicationType","defaultMethodType":"","defaultContentType":""}#appfire#{"repository":{"fileName":"CommunicationTypeService.java","filePath":"project4/src/main/java/com/app/server/service/CommunicationTypeService.java"},"implementInterface":[],"extendsClass":[],"repositories":[{"repository":{"fileName":"CommunicationTypeRepositoryImpl.java","filePath":"project4/src/main/java/com/app/server/repository/CommunicationTypeRepositoryImpl.java"},"implementInterface":[{"fileName":"CommunicationTypeRepository.java","filePath":"project4/src/main/java/com/app/server/repository/CommunicationTypeRepository.java"}],"extendsClass":[{"fileName":"SearchInterfaceImpl.java","filePath":"project4/src/main/java/com/app/server/repository/SearchInterfaceImpl.java","isDisplay":false}],"entities":{"fileName":"CommunicationType.java","filePath":"project4/src/main/java/com/app/shared/contacts/CommunicationType.java"}}]}#appfire#I#appfire#LAFWNT36NYJX0R1A8SKAW#appfire#D89A9EFD-BEE6-48E5-989B-E4C834559300#appfire#1#appfire#\N#appfire#2016-01-13 09:30:21#appfire#\N#appfire#2016-01-13 09:30:21#appfire#1#appfire#1#appfire#E7879518-1ABB-4A6A-BEBF-FD108948C385
68C65633-1A6C-4FBE-B775-C2F654E3B428#appfire#CurrencyService#appfire#com.app.server.service.CurrencyService#appfire#{"resourceMapping":"/Currency","defaultMethodType":"","defaultContentType":""}#appfire#{"repository":{"fileName":"CurrencyService.java","filePath":"project4/src/main/java/com/app/server/service/CurrencyService.java"},"implementInterface":[],"extendsClass":[],"repositories":[{"repository":{"fileName":"CurrencyRepositoryImpl.java","filePath":"project4/src/main/java/com/app/server/repository/CurrencyRepositoryImpl.java"},"implementInterface":[{"fileName":"CurrencyRepository.java","filePath":"project4/src/main/java/com/app/server/repository/CurrencyRepository.java"}],"extendsClass":[{"fileName":"SearchInterfaceImpl.java","filePath":"project4/src/main/java/com/app/server/repository/SearchInterfaceImpl.java","isDisplay":false}],"entities":{"fileName":"Currency.java","filePath":"project4/src/main/java/com/app/shared/location/Currency.java"}}]}#appfire#I#appfire#LAFWNT36NYJX0R1A8SKAW#appfire#D89A9EFD-BEE6-48E5-989B-E4C834559300#appfire#1#appfire#\N#appfire#2016-01-13 09:30:05#appfire#\N#appfire#2016-01-13 09:30:05#appfire#1#appfire#1#appfire#C7274C3B-54E3-4DD8-86E2-F31A3369BC2F
6B0A603D-C10A-4DA6-B666-82082CC7A834#appfire#LoginService#appfire#com.app.server.service.LoginService#appfire#{"resourceMapping":"/Login","defaultMethodType":"","defaultContentType":""}#appfire#{"repository":{"fileName":"LoginService.java","filePath":"project4/src/main/java/com/app/server/service/LoginService.java"},"implementInterface":[],"extendsClass":[],"repositories":[{"repository":{"fileName":"LoginRepositoryImpl.java","filePath":"project4/src/main/java/com/app/server/repository/LoginRepositoryImpl.java"},"implementInterface":[{"fileName":"LoginRepository.java","filePath":"project4/src/main/java/com/app/server/repository/LoginRepository.java"}],"extendsClass":[{"fileName":"SearchInterfaceImpl.java","filePath":"project4/src/main/java/com/app/server/repository/SearchInterfaceImpl.java","isDisplay":false}],"entities":{"fileName":"Login.java","filePath":"project4/src/main/java/com/app/shared/authentication/Login.java"}}]}#appfire#I#appfire#LAFWNT36NYJX0R1A8SKAW#appfire#D89A9EFD-BEE6-48E5-989B-E4C834559300#appfire#1#appfire#\N#appfire#2016-01-13 09:30:40#appfire#\N#appfire#2016-01-13 09:30:40#appfire#1#appfire#1#appfire#EF2C24A7-D414-4833-9678-8A31BA762B3E
72E22155-DB1F-4FF1-91FE-42705D7888BD#appfire#AddressTypeService#appfire#com.app.server.service.AddressTypeService#appfire#{"resourceMapping":"/AddressType","defaultMethodType":"","defaultContentType":""}#appfire#{"repository":{"fileName":"AddressTypeService.java","filePath":"project4/src/main/java/com/app/server/service/AddressTypeService.java"},"implementInterface":[],"extendsClass":[],"repositories":[{"repository":{"fileName":"AddressTypeRepositoryImpl.java","filePath":"project4/src/main/java/com/app/server/repository/AddressTypeRepositoryImpl.java"},"implementInterface":[{"fileName":"AddressTypeRepository.java","filePath":"project4/src/main/java/com/app/server/repository/AddressTypeRepository.java"}],"extendsClass":[{"fileName":"SearchInterfaceImpl.java","filePath":"project4/src/main/java/com/app/server/repository/SearchInterfaceImpl.java","isDisplay":false}],"entities":{"fileName":"AddressType.java","filePath":"project4/src/main/java/com/app/shared/location/AddressType.java"}}]}#appfire#I#appfire#LAFWNT36NYJX0R1A8SKAW#appfire#D89A9EFD-BEE6-48E5-989B-E4C834559300#appfire#1#appfire#\N#appfire#2016-01-13 09:30:17#appfire#\N#appfire#2016-01-13 09:30:17#appfire#1#appfire#1#appfire#0C491D0C-305A-4BAF-8632-FE82D48423F3
74552BFF-129B-46DA-BFF7-D55A2D16A415#appfire#PasswordAlgoService#appfire#com.app.server.service.PasswordAlgoService#appfire#{"resourceMapping":"/PasswordAlgo","defaultMethodType":"","defaultContentType":""}#appfire#{"repository":{"fileName":"PasswordAlgoService.java","filePath":"project4/src/main/java/com/app/server/service/PasswordAlgoService.java"},"implementInterface":[],"extendsClass":[],"repositories":[{"repository":{"fileName":"PasswordAlgoRepositoryImpl.java","filePath":"project4/src/main/java/com/app/server/repository/PasswordAlgoRepositoryImpl.java"},"implementInterface":[{"fileName":"PasswordAlgoRepository.java","filePath":"project4/src/main/java/com/app/server/repository/PasswordAlgoRepository.java"}],"extendsClass":[{"fileName":"SearchInterfaceImpl.java","filePath":"project4/src/main/java/com/app/server/repository/SearchInterfaceImpl.java","isDisplay":false}],"entities":{"fileName":"PasswordAlgo.java","filePath":"project4/src/main/java/com/app/shared/authentication/PasswordAlgo.java"}}]}#appfire#I#appfire#LAFWNT36NYJX0R1A8SKAW#appfire#D89A9EFD-BEE6-48E5-989B-E4C834559300#appfire#1#appfire#\N#appfire#2016-01-13 09:30:30#appfire#\N#appfire#2016-01-13 09:30:30#appfire#1#appfire#1#appfire#D5B79644-856A-445E-A4A2-A3624355DA2F
9A1406CD-0677-446C-99F7-027A051351CD#appfire#AddressService#appfire#com.app.server.service.AddressService#appfire#{"resourceMapping":"/Address","defaultMethodType":"","defaultContentType":""}#appfire#{"repository":{"fileName":"AddressService.java","filePath":"project4/src/main/java/com/app/server/service/AddressService.java"},"implementInterface":[],"extendsClass":[],"repositories":[{"repository":{"fileName":"AddressRepositoryImpl.java","filePath":"project4/src/main/java/com/app/server/repository/AddressRepositoryImpl.java"},"implementInterface":[{"fileName":"AddressRepository.java","filePath":"project4/src/main/java/com/app/server/repository/AddressRepository.java"}],"extendsClass":[{"fileName":"SearchInterfaceImpl.java","filePath":"project4/src/main/java/com/app/server/repository/SearchInterfaceImpl.java","isDisplay":false}],"entities":{"fileName":"Address.java","filePath":"project4/src/main/java/com/app/shared/location/Address.java"}}]}#appfire#I#appfire#LAFWNT36NYJX0R1A8SKAW#appfire#D89A9EFD-BEE6-48E5-989B-E4C834559300#appfire#1#appfire#\N#appfire#2016-01-13 09:30:17#appfire#\N#appfire#2016-01-13 09:30:17#appfire#1#appfire#1#appfire#F965CC65-30BB-42AA-AC9E-B46F5EB5B195
9FD5D5B1-0A6A-4D56-B767-3E93D3F727AB#appfire#PasswordPolicyService#appfire#com.app.server.service.PasswordPolicyService#appfire#{"resourceMapping":"/PasswordPolicy","defaultMethodType":"","defaultContentType":""}#appfire#{"repository":{"fileName":"PasswordPolicyService.java","filePath":"project4/src/main/java/com/app/server/service/PasswordPolicyService.java"},"implementInterface":[],"extendsClass":[],"repositories":[{"repository":{"fileName":"PasswordPolicyRepositoryImpl.java","filePath":"project4/src/main/java/com/app/server/repository/PasswordPolicyRepositoryImpl.java"},"implementInterface":[{"fileName":"PasswordPolicyRepository.java","filePath":"project4/src/main/java/com/app/server/repository/PasswordPolicyRepository.java"}],"extendsClass":[{"fileName":"SearchInterfaceImpl.java","filePath":"project4/src/main/java/com/app/server/repository/SearchInterfaceImpl.java","isDisplay":false}],"entities":{"fileName":"PasswordPolicy.java","filePath":"project4/src/main/java/com/app/shared/authentication/PasswordPolicy.java"}}]}#appfire#I#appfire#LAFWNT36NYJX0R1A8SKAW#appfire#D89A9EFD-BEE6-48E5-989B-E4C834559300#appfire#1#appfire#\N#appfire#2016-01-13 09:30:31#appfire#\N#appfire#2016-01-13 09:30:31#appfire#1#appfire#1#appfire#94B60B09-D5E8-460C-8601-67D959E6B0D7
A0179434-8DDF-44EC-BCBB-9607259AB9EE#appfire#LanguageService#appfire#com.app.server.service.LanguageService#appfire#{"resourceMapping":"/Language","defaultMethodType":"","defaultContentType":""}#appfire#{"repository":{"fileName":"LanguageService.java","filePath":"project4/src/main/java/com/app/server/service/LanguageService.java"},"implementInterface":[],"extendsClass":[],"repositories":[{"repository":{"fileName":"LanguageRepositoryImpl.java","filePath":"project4/src/main/java/com/app/server/repository/LanguageRepositoryImpl.java"},"implementInterface":[{"fileName":"LanguageRepository.java","filePath":"project4/src/main/java/com/app/server/repository/LanguageRepository.java"}],"extendsClass":[{"fileName":"SearchInterfaceImpl.java","filePath":"project4/src/main/java/com/app/server/repository/SearchInterfaceImpl.java","isDisplay":false}],"entities":{"fileName":"Language.java","filePath":"project4/src/main/java/com/app/shared/location/Language.java"}}]}#appfire#I#appfire#LAFWNT36NYJX0R1A8SKAW#appfire#D89A9EFD-BEE6-48E5-989B-E4C834559300#appfire#1#appfire#\N#appfire#2016-01-13 09:30:04#appfire#\N#appfire#2016-01-13 09:30:04#appfire#1#appfire#1#appfire#977F1A94-6FAD-4A9A-BBB7-7BC1EB4505C5
A1AD55EE-35E3-494B-AEEC-6CB06DA5B10F#appfire#AppCustomerCategoryService#appfire#com.app.server.service.AppCustomerCategoryService#appfire#{"resourceMapping":"/AppCustomerCategory","defaultMethodType":"","defaultContentType":""}#appfire#{"repository":{"fileName":"AppCustomerCategoryService.java","filePath":"project4/src/main/java/com/app/server/service/AppCustomerCategoryService.java"},"implementInterface":[],"extendsClass":[],"repositories":[{"repository":{"fileName":"AppCustomerCategoryRepositoryImpl.java","filePath":"project4/src/main/java/com/app/server/repository/AppCustomerCategoryRepositoryImpl.java"},"implementInterface":[{"fileName":"AppCustomerCategoryRepository.java","filePath":"project4/src/main/java/com/app/server/repository/AppCustomerCategoryRepository.java"}],"extendsClass":[{"fileName":"SearchInterfaceImpl.java","filePath":"project4/src/main/java/com/app/server/repository/SearchInterfaceImpl.java","isDisplay":false}],"entities":{"fileName":"AppCustomerCategory.java","filePath":"project4/src/main/java/com/app/shared/customers/AppCustomerCategory.java"}}]}#appfire#I#appfire#LAFWNT36NYJX0R1A8SKAW#appfire#D89A9EFD-BEE6-48E5-989B-E4C834559300#appfire#1#appfire#\N#appfire#2016-01-13 09:30:56#appfire#\N#appfire#2016-01-13 09:30:56#appfire#1#appfire#1#appfire#0787F3FA-D8D9-4669-B0E1-D695B45A28C2
B000812D-6C92-4614-9AD6-9C1C1CD58126#appfire#TimezoneService#appfire#com.app.server.service.TimezoneService#appfire#{"resourceMapping":"/Timezone","defaultMethodType":"","defaultContentType":""}#appfire#{"repository":{"fileName":"TimezoneService.java","filePath":"project4/src/main/java/com/app/server/service/TimezoneService.java"},"implementInterface":[],"extendsClass":[],"repositories":[{"repository":{"fileName":"TimezoneRepositoryImpl.java","filePath":"project4/src/main/java/com/app/server/repository/TimezoneRepositoryImpl.java"},"implementInterface":[{"fileName":"TimezoneRepository.java","filePath":"project4/src/main/java/com/app/server/repository/TimezoneRepository.java"}],"extendsClass":[{"fileName":"SearchInterfaceImpl.java","filePath":"project4/src/main/java/com/app/server/repository/SearchInterfaceImpl.java","isDisplay":false}],"entities":{"fileName":"Timezone.java","filePath":"project4/src/main/java/com/app/shared/location/Timezone.java"}}]}#appfire#I#appfire#LAFWNT36NYJX0R1A8SKAW#appfire#D89A9EFD-BEE6-48E5-989B-E4C834559300#appfire#1#appfire#\N#appfire#2016-01-13 09:30:03#appfire#\N#appfire#2016-01-13 09:30:03#appfire#1#appfire#1#appfire#A8D4C0F4-110C-4B1F-BCCE-CBD40AFDADB6
B4AD29F5-FF49-45B8-A7DF-64DDB961525B#appfire#UserAccessDomainService#appfire#com.app.server.service.UserAccessDomainService#appfire#{"resourceMapping":"/UserAccessDomain","defaultMethodType":"","defaultContentType":""}#appfire#{"repository":{"fileName":"UserAccessDomainService.java","filePath":"project4/src/main/java/com/app/server/service/UserAccessDomainService.java"},"implementInterface":[],"extendsClass":[],"repositories":[{"repository":{"fileName":"UserAccessDomainRepositoryImpl.java","filePath":"project4/src/main/java/com/app/server/repository/UserAccessDomainRepositoryImpl.java"},"implementInterface":[{"fileName":"UserAccessDomainRepository.java","filePath":"project4/src/main/java/com/app/server/repository/UserAccessDomainRepository.java"}],"extendsClass":[{"fileName":"SearchInterfaceImpl.java","filePath":"project4/src/main/java/com/app/server/repository/SearchInterfaceImpl.java","isDisplay":false}],"entities":{"fileName":"UserAccessDomain.java","filePath":"project4/src/main/java/com/app/shared/authentication/UserAccessDomain.java"}}]}#appfire#I#appfire#LAFWNT36NYJX0R1A8SKAW#appfire#D89A9EFD-BEE6-48E5-989B-E4C834559300#appfire#1#appfire#\N#appfire#2016-01-13 09:30:32#appfire#\N#appfire#2016-01-13 09:30:32#appfire#1#appfire#1#appfire#8A3557A5-AD8F-4F77-9066-96372D51479D
BA00AD99-51CC-4093-8AC9-A6685BF960E5#appfire#AppCustomerTypeService#appfire#com.app.server.service.AppCustomerTypeService#appfire#{"resourceMapping":"/AppCustomerType","defaultMethodType":"","defaultContentType":""}#appfire#{"repository":{"fileName":"AppCustomerTypeService.java","filePath":"project4/src/main/java/com/app/server/service/AppCustomerTypeService.java"},"implementInterface":[],"extendsClass":[],"repositories":[{"repository":{"fileName":"AppCustomerTypeRepositoryImpl.java","filePath":"project4/src/main/java/com/app/server/repository/AppCustomerTypeRepositoryImpl.java"},"implementInterface":[{"fileName":"AppCustomerTypeRepository.java","filePath":"project4/src/main/java/com/app/server/repository/AppCustomerTypeRepository.java"}],"extendsClass":[{"fileName":"SearchInterfaceImpl.java","filePath":"project4/src/main/java/com/app/server/repository/SearchInterfaceImpl.java","isDisplay":false}],"entities":{"fileName":"AppCustomerType.java","filePath":"project4/src/main/java/com/app/shared/customers/AppCustomerType.java"}}]}#appfire#I#appfire#LAFWNT36NYJX0R1A8SKAW#appfire#D89A9EFD-BEE6-48E5-989B-E4C834559300#appfire#1#appfire#\N#appfire#2016-01-13 09:30:56#appfire#\N#appfire#2016-01-13 09:30:56#appfire#1#appfire#1#appfire#C3A5AE6A-2C30-45CB-B3E3-A47F3EA41727
BA88A834-4112-4F7B-A480-97E58CDD930B#appfire#CityService#appfire#com.app.server.service.CityService#appfire#{"resourceMapping":"/City","defaultMethodType":"","defaultContentType":""}#appfire#{"repository":{"fileName":"CityService.java","filePath":"project4/src/main/java/com/app/server/service/CityService.java"},"implementInterface":[],"extendsClass":[],"repositories":[{"repository":{"fileName":"CityRepositoryImpl.java","filePath":"project4/src/main/java/com/app/server/repository/CityRepositoryImpl.java"},"implementInterface":[{"fileName":"CityRepository.java","filePath":"project4/src/main/java/com/app/server/repository/CityRepository.java"}],"extendsClass":[{"fileName":"SearchInterfaceImpl.java","filePath":"project4/src/main/java/com/app/server/repository/SearchInterfaceImpl.java","isDisplay":false}],"entities":{"fileName":"City.java","filePath":"project4/src/main/java/com/app/shared/location/City.java"}}]}#appfire#I#appfire#LAFWNT36NYJX0R1A8SKAW#appfire#D89A9EFD-BEE6-48E5-989B-E4C834559300#appfire#1#appfire#\N#appfire#2016-01-13 09:30:10#appfire#\N#appfire#2016-01-13 09:30:10#appfire#1#appfire#1#appfire#282D5634-687C-4536-9EBF-D9A5E726655F
BE6869E9-A8FA-4CB1-B9E7-A6E86003EBCD#appfire#AppMenusService#appfire#com.app.server.service.AppMenusService#appfire#{"resourceMapping":"/AppMenus","defaultMethodType":"","defaultContentType":""}#appfire#{"repository":{"fileName":"AppMenusService.java","filePath":"project4/src/main/java/com/app/server/service/AppMenusService.java"},"implementInterface":[],"extendsClass":[],"repositories":[{"repository":{"fileName":"AppMenusRepositoryImpl.java","filePath":"project4/src/main/java/com/app/server/repository/AppMenusRepositoryImpl.java"},"implementInterface":[{"fileName":"AppMenusRepository.java","filePath":"project4/src/main/java/com/app/server/repository/AppMenusRepository.java"}],"extendsClass":[{"fileName":"SearchInterfaceImpl.java","filePath":"project4/src/main/java/com/app/server/repository/SearchInterfaceImpl.java","isDisplay":false}],"entities":{"fileName":"AppMenus.java","filePath":"project4/src/main/java/com/app/shared/authorization/AppMenus.java"}}]}#appfire#I#appfire#LAFWNT36NYJX0R1A8SKAW#appfire#D89A9EFD-BEE6-48E5-989B-E4C834559300#appfire#1#appfire#\N#appfire#2016-01-13 09:30:51#appfire#\N#appfire#2016-01-13 09:30:51#appfire#1#appfire#1#appfire#14274E23-75E6-4EA0-B80C-F5B11D7C8C3A
CA48E7CB-CC57-439E-91EB-6D1FD278290F#appfire#CoreContactsService#appfire#com.app.server.service.CoreContactsService#appfire#{"resourceMapping":"/CoreContacts","defaultMethodType":"","defaultContentType":""}#appfire#{"repository":{"fileName":"CoreContactsService.java","filePath":"project4/src/main/java/com/app/server/service/CoreContactsService.java"},"implementInterface":[],"extendsClass":[],"repositories":[{"repository":{"fileName":"CoreContactsRepositoryImpl.java","filePath":"project4/src/main/java/com/app/server/repository/CoreContactsRepositoryImpl.java"},"implementInterface":[{"fileName":"CoreContactsRepository.java","filePath":"project4/src/main/java/com/app/server/repository/CoreContactsRepository.java"}],"extendsClass":[{"fileName":"SearchInterfaceImpl.java","filePath":"project4/src/main/java/com/app/server/repository/SearchInterfaceImpl.java","isDisplay":false}],"entities":{"fileName":"CoreContacts.java","filePath":"project4/src/main/java/com/app/shared/contacts/CoreContacts.java"}}]}#appfire#I#appfire#LAFWNT36NYJX0R1A8SKAW#appfire#D89A9EFD-BEE6-48E5-989B-E4C834559300#appfire#1#appfire#\N#appfire#2016-01-13 09:30:25#appfire#\N#appfire#2016-01-13 09:30:25#appfire#1#appfire#1#appfire#8C871BB4-D822-4ADB-9425-55E354CE341E
D0CFA194-B2CE-4C54-B0DE-B1A75C8C282E#appfire#CommunicationGroupService#appfire#com.app.server.service.CommunicationGroupService#appfire#{"resourceMapping":"/CommunicationGroup","defaultMethodType":"","defaultContentType":""}#appfire#{"repository":{"fileName":"CommunicationGroupService.java","filePath":"project4/src/main/java/com/app/server/service/CommunicationGroupService.java"},"implementInterface":[],"extendsClass":[],"repositories":[{"repository":{"fileName":"CommunicationGroupRepositoryImpl.java","filePath":"project4/src/main/java/com/app/server/repository/CommunicationGroupRepositoryImpl.java"},"implementInterface":[{"fileName":"CommunicationGroupRepository.java","filePath":"project4/src/main/java/com/app/server/repository/CommunicationGroupRepository.java"}],"extendsClass":[{"fileName":"SearchInterfaceImpl.java","filePath":"project4/src/main/java/com/app/server/repository/SearchInterfaceImpl.java","isDisplay":false}],"entities":{"fileName":"CommunicationGroup.java","filePath":"project4/src/main/java/com/app/shared/contacts/CommunicationGroup.java"}}]}#appfire#I#appfire#LAFWNT36NYJX0R1A8SKAW#appfire#D89A9EFD-BEE6-48E5-989B-E4C834559300#appfire#1#appfire#\N#appfire#2016-01-13 09:30:21#appfire#\N#appfire#2016-01-13 09:30:21#appfire#1#appfire#1#appfire#51A8907C-1560-4D90-952C-A8980587B5D4
D16AA120-14C6-4200-993E-50696FAAF465#appfire#ContactTypeService#appfire#com.app.server.service.ContactTypeService#appfire#{"resourceMapping":"/ContactType","defaultMethodType":"","defaultContentType":""}#appfire#{"repository":{"fileName":"ContactTypeService.java","filePath":"project4/src/main/java/com/app/server/service/ContactTypeService.java"},"implementInterface":[],"extendsClass":[],"repositories":[{"repository":{"fileName":"ContactTypeRepositoryImpl.java","filePath":"project4/src/main/java/com/app/server/repository/ContactTypeRepositoryImpl.java"},"implementInterface":[{"fileName":"ContactTypeRepository.java","filePath":"project4/src/main/java/com/app/server/repository/ContactTypeRepository.java"}],"extendsClass":[{"fileName":"SearchInterfaceImpl.java","filePath":"project4/src/main/java/com/app/server/repository/SearchInterfaceImpl.java","isDisplay":false}],"entities":{"fileName":"ContactType.java","filePath":"project4/src/main/java/com/app/shared/contacts/ContactType.java"}}]}#appfire#I#appfire#LAFWNT36NYJX0R1A8SKAW#appfire#D89A9EFD-BEE6-48E5-989B-E4C834559300#appfire#1#appfire#\N#appfire#2016-01-13 09:30:20#appfire#\N#appfire#2016-01-13 09:30:20#appfire#1#appfire#1#appfire#3CB4A700-BEDD-4E8F-9641-0BF3B553D27E
D2817B22-D270-4B50-B371-6E3C21CA02CA#appfire#StateService#appfire#com.app.server.service.StateService#appfire#{"resourceMapping":"/State","defaultMethodType":"","defaultContentType":""}#appfire#{"repository":{"fileName":"StateService.java","filePath":"project4/src/main/java/com/app/server/service/StateService.java"},"implementInterface":[],"extendsClass":[],"repositories":[{"repository":{"fileName":"StateRepositoryImpl.java","filePath":"project4/src/main/java/com/app/server/repository/StateRepositoryImpl.java"},"implementInterface":[{"fileName":"StateRepository.java","filePath":"project4/src/main/java/com/app/server/repository/StateRepository.java"}],"extendsClass":[{"fileName":"SearchInterfaceImpl.java","filePath":"project4/src/main/java/com/app/server/repository/SearchInterfaceImpl.java","isDisplay":false}],"entities":{"fileName":"State.java","filePath":"project4/src/main/java/com/app/shared/location/State.java"}}]}#appfire#I#appfire#LAFWNT36NYJX0R1A8SKAW#appfire#D89A9EFD-BEE6-48E5-989B-E4C834559300#appfire#1#appfire#\N#appfire#2016-01-13 09:30:06#appfire#\N#appfire#2016-01-13 09:30:06#appfire#1#appfire#1#appfire#B9EF550E-D5DF-4F78-B94E-EBE40198B8AD
D7B55A91-2796-4FFD-B90D-CC6F55C867EB#appfire#GenderService#appfire#com.app.server.service.GenderService#appfire#{"resourceMapping":"/Gender","defaultMethodType":"","defaultContentType":""}#appfire#{"repository":{"fileName":"GenderService.java","filePath":"project4/src/main/java/com/app/server/service/GenderService.java"},"implementInterface":[],"extendsClass":[],"repositories":[{"repository":{"fileName":"GenderRepositoryImpl.java","filePath":"project4/src/main/java/com/app/server/repository/GenderRepositoryImpl.java"},"implementInterface":[{"fileName":"GenderRepository.java","filePath":"project4/src/main/java/com/app/server/repository/GenderRepository.java"}],"extendsClass":[{"fileName":"SearchInterfaceImpl.java","filePath":"project4/src/main/java/com/app/server/repository/SearchInterfaceImpl.java","isDisplay":false}],"entities":{"fileName":"Gender.java","filePath":"project4/src/main/java/com/app/shared/contacts/Gender.java"}}]}#appfire#I#appfire#LAFWNT36NYJX0R1A8SKAW#appfire#D89A9EFD-BEE6-48E5-989B-E4C834559300#appfire#1#appfire#\N#appfire#2016-01-13 09:30:22#appfire#\N#appfire#2016-01-13 09:30:22#appfire#1#appfire#1#appfire#B83A5BD1-A11C-4E8C-8ECE-9B7A1A50B182
DFBC809F-0CBB-4419-B595-5815D43192B7#appfire#VillageService#appfire#com.app.server.service.VillageService#appfire#{"resourceMapping":"/Village","defaultMethodType":"","defaultContentType":""}#appfire#{"repository":{"fileName":"VillageService.java","filePath":"project4/src/main/java/com/app/server/service/VillageService.java"},"implementInterface":[],"extendsClass":[],"repositories":[{"repository":{"fileName":"VillageRepositoryImpl.java","filePath":"project4/src/main/java/com/app/server/repository/VillageRepositoryImpl.java"},"implementInterface":[{"fileName":"VillageRepository.java","filePath":"project4/src/main/java/com/app/server/repository/VillageRepository.java"}],"extendsClass":[{"fileName":"SearchInterfaceImpl.java","filePath":"project4/src/main/java/com/app/server/repository/SearchInterfaceImpl.java","isDisplay":false}],"entities":{"fileName":"Village.java","filePath":"project4/src/main/java/com/app/shared/location/Village.java"}}]}#appfire#I#appfire#LAFWNT36NYJX0R1A8SKAW#appfire#D89A9EFD-BEE6-48E5-989B-E4C834559300#appfire#1#appfire#\N#appfire#2016-01-13 09:30:14#appfire#\N#appfire#2016-01-13 09:30:14#appfire#1#appfire#1#appfire#D0C3A204-95DF-4E24-8E4A-A13C2E642D69
EB0842CB-AD62-4C67-BED2-E8037437FF33#appfire#TitleService#appfire#com.app.server.service.TitleService#appfire#{"resourceMapping":"/Title","defaultMethodType":"","defaultContentType":""}#appfire#{"repository":{"fileName":"TitleService.java","filePath":"project4/src/main/java/com/app/server/service/TitleService.java"},"implementInterface":[],"extendsClass":[],"repositories":[{"repository":{"fileName":"TitleRepositoryImpl.java","filePath":"project4/src/main/java/com/app/server/repository/TitleRepositoryImpl.java"},"implementInterface":[{"fileName":"TitleRepository.java","filePath":"project4/src/main/java/com/app/server/repository/TitleRepository.java"}],"extendsClass":[{"fileName":"SearchInterfaceImpl.java","filePath":"project4/src/main/java/com/app/server/repository/SearchInterfaceImpl.java","isDisplay":false}],"entities":{"fileName":"Title.java","filePath":"project4/src/main/java/com/app/shared/contacts/Title.java"}}]}#appfire#I#appfire#LAFWNT36NYJX0R1A8SKAW#appfire#D89A9EFD-BEE6-48E5-989B-E4C834559300#appfire#1#appfire#\N#appfire#2016-01-13 09:30:22#appfire#\N#appfire#2016-01-13 09:30:22#appfire#1#appfire#1#appfire#81AB1D0F-83CB-4BCD-AB22-DE4E01D2A086
